1;https://guilhermedelemos.github.io/accessible/examples/banner-html5.html;2019-01-29
2;https://guilhermedelemos.github.io/accessible/examples/complementary-one-html5.html;2019-01-29
3;https://guilhermedelemos.github.io/accessible/examples/complementary-multiple-html5.html;2019-01-29
4;https://guilhermedelemos.github.io/accessible/examples/contentinfo-html5.html;2019-01-29
5;https://guilhermedelemos.github.io/accessible/examples/form-html5.html;2019-01-29
6;https://guilhermedelemos.github.io/accessible/examples/main-one-html5.html;2019-01-29
7;https://guilhermedelemos.github.io/accessible/examples/main-multiple-html5.html;2019-01-29
8;https://guilhermedelemos.github.io/accessible/examples/navigation-one-html5.html;2019-01-29
9;https://guilhermedelemos.github.io/accessible/examples/navigation-multiple-html5.html;2019-01-29
10;https://guilhermedelemos.github.io/accessible/examples/region-label-html5.html;2019-01-29
11;https://guilhermedelemos.github.io/accessible/examples/region-labelledby-html5.html;2019-01-29
